{"schemaVersion":"1.0","appDefinitionTemplate":{"id":"/providers/Microsoft.PowerApps/apps/","type":"Microsoft.PowerApps/apps","tags":{"primaryDeviceWidth":"640","primaryDeviceHeight":"1136","supportsPortrait":"true","supportsLandscape":"true","primaryFormFactor":"Phone","publisherVersion":"3.23011.19","minimumRequiredApiVersion":"2.2.0","hasComponent":"false","hasUnlockedComponent":"false","isUnifiedRootApp":"false","sienaVersion":"20230119T183246Z-3.23011.19.0"},"properties":{"appVersion":"2023-01-19T18:32:46Z","lifeCycleId":"Published","createdByClientVersion":{"major":3,"minor":23011,"build":19,"revision":0,"majorRevision":0,"minorRevision":0},"minClientVersion":{"major":3,"minor":23011,"build":19,"revision":0,"majorRevision":0,"minorRevision":0},"backgroundColor":"rgba(212, 46, 46, 1)","backgroundImageUri":"/9519673172136769855/N313cd250-f260-485c-84cc-2e2151cf5ef2-logoSmallFile","displayName":"Registro de Reclamos","description":"","commitMessage":"","appUris":{"documentUri":{"value":"/9519673172136769855/N3121fa29-0ec9-4914-b44c-cabf98fa8f88-document.msapp"},"imageUris":[],"additionalUris":[]},"createdTime":"0001-01-01T00:00:00Z","lastModifiedTime":"0001-01-01T00:00:00Z","sharedGroupsCount":0,"sharedUsersCount":0,"connectionReferences":{"5e5740d5-f11f-4c9d-9b5e-02aaa0e734fd":{"id":"e72fe3b4-f069-428b-afca-0cb67531a48c","displayName":"SharePoint","iconUri":"https://connectoricons-prod.azureedge.net/u/juanq/gateway/greyhound/3000.150.11/1.0.1613.3116/sharepointonline/icon.png","dataSources":["BD_Esquemas_Acreditados","BD_Esquemas_No_Acreditados","WCS_PD_Lista_Personal","BD_Registro_Fallos","WCS_PD_Lista_Areas"],"dependencies":[],"dependents":[],"parameterHints":{},"parameterHintsV2":{},"isOnPremiseConnection":false,"bypassConsent":false,"dataSets":{"https://sgs.sharepoint.com/sites/pe-ie-pe_labo_indenvcallao/wcs_qc":{"dataSources":{"BD_Esquemas_Acreditados":{"tableName":"52904a37-2445-4eaf-9629-ad2e742b0067"},"BD_Esquemas_No_Acreditados":{"tableName":"ef671d6d-cfaa-4cff-8316-6dffabf32989"},"BD_Registro_Fallos":{"tableName":"22720e5e-3116-4f82-b8bc-d8b86fe0bb52"}}},"https://sgs.sharepoint.com/sites/pe-ie-pe_labo_indenvcallao/wcs_pd":{"dataSources":{"WCS_PD_Lista_Personal":{"tableName":"12d4979a-b84d-4e42-9932-ebfb003e9923"},"WCS_PD_Lista_Areas":{"tableName":"c8ba4581-8dd4-4820-92e0-9c3ddf0802ec"}}}},"apiTier":"Standard","isCustomApiConnection":false,"actions":["providers/PowerPlatform.Governance/Operations/Read"]},"3f11d5d8-8938-4afc-a6c1-f3ee7724344c":{"id":"e56d78c4-0bb3-4d58-9a7f-0fbba4d54a86","displayName":"Office 365 Outlook","iconUri":"https://connectoricons-prod.azureedge.net/releases/v1.0.1613/1.0.1613.3125/office365/icon.png","dataSources":["Office365Outlook"],"dependencies":[],"dependents":[],"parameterHints":{},"parameterHintsV2":{},"isOnPremiseConnection":false,"bypassConsent":false,"dataSets":{},"apiTier":"Standard","isCustomApiConnection":false,"actions":["SendEmail"]}},"databaseReferences":{},"almMode":"Solution","performanceOptimizationEnabled":true,"canConsumeAppPass":true,"enableModernRuntimeMode":false,"executionRestrictions":{"isTeamsOnly":false,"dataLossPreventionEvaluationResult":{"status":"Compliant","lastEvaluationDate":"2023-01-10T18:45:36.0361762Z","violations":[],"violationsByPolicy":[],"violationErrorMessage":"The app uses the following connectors: shared_sharepointonline."}}},"appType":"ClassicCanvasApp","appComponents":[]}}